location,count,latitude,longitude
"New Smyrna Beach, Volusia County",172,29.0258132,-80.9271271
"Daytona Beach, Volusia County",30,29.2108147,-81.0228331
"Ponce Inlet, Volusia County",22,29.0963729,-80.9369983
"Melbourne Beach, Brevard County",18,28.0684067,-80.5607951
"Myrtle Beach, Horry County",17,33.6956461,-78.8900409
"Isle of Palms, Charleston County",14,32.7867697,-79.7880359
"Cocoa Beach, Brevard County",12,28.3184107,-80.6094959
"Ponce Inlet, New Smyrna Beach, Volusia County",12,29.064569849999998,-80.91515395883673
"Jacksonville Beach, Duval County",12,30.2946859,-81.3931396
"Ormond Beach, Volusia County",11,29.2854132,-81.0557921
"Palm Beach, Palm Beach County",11,26.7056172,-80.0361517
"Cocoa Beach, Brevard  County",11,28.3184107,-80.6094959
"Singer Island, Riviera Beach, Palm Beach County",10,26.7850625,-80.0375408
"Juno Beach, Palm Beach County",10,26.8815475,-80.0539253
"Florida Keys, Monroe County",9,24.6670875,-81.5831421
Florida Keys,8,24.6670875,-81.5831421
"Vero Beach, Indian River County",8,27.6387163,-80.3975399
"Sanibel Island, Lee County",8,26.440359,-82.1137049
"Folly Beach, Charleston County",7,32.6549967,-79.9406093
"Pensacola Bay, Escambia County",7,30.421309,-87.2169149
"Jacksonville, Duval County",7,30.3321838,-81.655651
Charleston,7,32.7884363,-79.9399309
"Riviera Beach, Palm Beach County",7,26.784343,-80.0650293
"Key West, Monroe County",6,24.5548262,-81.8020722
Galveston,6,29.3056996,-94.7933252
"Huntington Beach, Orange County",6,33.6783336,-118.000016
"Gulf Shores, Baldwin County",6,30.2711224,-87.6893826
"Jupiter, Palm Beach County",6,26.9342246,-80.0942087
"Panama City, Bay County",6,30.1586518,-85.6602936
"Jensen Beach, Martin County",6,27.2500487,-80.2304161
"Playalinda Beach, Brevard County",6,28.67732365,-80.64721792838154
"Fort Lauderdale, Broward County",6,26.1223084,-80.1433786
"Ocean Isle, Brunswick County",5,45.806852,1.220199
"Ocean Reef Park, Singer Island, Palm Beach County",5,26.78506,-80.03754
"Fernandina Beach, Nassau County",5,30.6696818,-81.4625919
"Flagler Beach, Flagler County",5,29.4749927,-81.1269982
"Wrightsville Beach, New Hanover County",5,34.2079917,-77.7955907
"Daytona Beach Shores, Volusia County",5,29.1760933,-80.9828323
"North Myrtle Beach, Horry County",5,33.8278405,-78.6800323
"Emerald Isle, Carteret County",5,34.6653135,-77.0382187
"La Jolla, San Diego County",5,32.8401623,-117.2740777
South Padre Island,5,26.1036887,-97.1646938
"Bethune Beach, Volusia County",5,28.9491539,-80.83783
"Playalinda Beach, Canaveral National Seashore, Brevard County",5,28.677614,-80.648002
"Jensen Beach, Martin County ",5,27.2500487,-80.2304161
"Hilton Head Island, Beaufort County",4,32.1618488,-80.7512616
"Tomales Point, Marin County",4,38.248603,-122.908244
"Venice Beach, Los Angeles County",4,38.9253912,-76.4652362
"Atlantic City, Atlantic County",4,39.3642852,-74.4229351
"Avon, Hatteras Island, Outer Banks, Dare County",4,35.215573,-75.689295
"Indialantic, Brevard County",4,28.0911921,-80.5679875
"Indiatlantic, Brevard County",4,28.0909897,-80.56998302609588
"Olowalu, Maui",4,20.811858,-156.6221108
Sullivan's Island,4,32.770151,-79.83133553033889
"Santa Monica, Los Angeles County",4,34.0194704,-118.491227
"San Onofre State Beach, San Diego County",4,33.3488871,-117.52491479699033
"Charleston Harbor, Charleston County",4,32.763788,-79.8973093
"Bald Head Island, Brunswick County",4,33.8618933,-77.995528
"Dillon Beach, Marin County",4,38.2507515,-122.9652768
Maui,4,20.802956799999997,-156.31068331602177
"Pawleys Island, Georgetown County",4,33.4293486,-79.1215912
"Moonstone Beach, Humboldt County",4,41.0296555,-124.1093676
Palm Beach County,4,26.6279798,-80.4494174
"San Onofre, San Diego County ",4,9.7386264,-75.5234228
Farallon Islands,4,37.7332634,-123.0344446
New Smyrna Beach,4,29.0258132,-80.9271271
"Marathon, Monroe County",4,48.7209349,-86.371598
"South Jetty, New Smyrna Beach, Volusia County",4,29.047109,-80.926829
"North Topsail Beach, Onslow County",4,34.4901665,-77.43163
"Stuart Beach, Martin County",4,27.2487695,-80.278897
"Floridana Beach, Brevard County",4,27.9462734,-80.4970188
"Newport Beach, Orange County",3,33.6170092,-117.9294401
"Ormond Beach / Daytona Beach, Volusia County",3,29.255014199999998,-81.11755901791939
"Boca Raton, Palm Beach County",3,26.3586885,-80.0830984
"Hermosa Beach, Los Angeles County",3,33.86428,-118.39591
"Mustang Island, near Port Aransas",3,27.8332175,-97.0618324
"Vilano Beach, St.  Johns County",3,29.9188576,-81.2928499
"Malibu, Los Angeles County",3,34.035591,-118.689423
Mobile Bay,3,47.239249099999995,-52.81973047557612
"Ponte Vedra, St. Johns County",3,42.4318876,-8.6431592
"Bunkers, Humboldt Bay, Eureka, Humboldt County",3,40.740873699999995,-124.20868678854505
"Crescent Beach, St. Johns County",3,44.2380664,-64.4142153
Galveston Island,3,29.2221833,-94.90881
"Imperial Beach, San Diego County",3,32.583893,-117.1130487
"Franklin Point, San Mateo County",3,37.1498114,-122.360111
"Long Beach, Los Angeles County",3,33.7690164,-118.191604
"Coligny Beach, Hilton Head, Beaufort County",3,32.158801,-80.72248319561183
"Folly Island, near Charleston",3,32.7884363,-79.9399309
"Kiawah Island, Charleston County",3,32.6082373,-80.0848166
"Pearl Harbor, O'ahu",3,45.106501,-85.349035
Holden Beach. Brunswick County,3,33.9135061,-78.3038892
"Pigeon Point, San Mateo County",3,37.1815562,-122.3945402
"St. Augustine, St. John's County",3,29.897545,-81.315899
"New Smyrna Beach,  Volusia County",3,29.0258132,-80.9271271
"Kanaha Beach, Maui",3,20.89977655,-156.44189366786708
"Condado Beach, San Juan",3,18.4547444,-66.07293393124985
"Miami Beach, Miami-Dade County",3,25.7929198,-80.1353006
"Tybee Island, Chatham County",3,31.9987321,-80.8469427
"Hollywood Beach, Broward County",3,39.5023372,-75.9079977
"Pablo Beach, Jacksonville, Duval County",3,30.294829399999998,-81.39771596636882
"Masonboro Island, New Hanover County",3,34.1254492,-77.8580398
Winchester Bay,3,43.6770608,-124.1748369
Off Charleston,3,37.4219481,-122.0809004
"Kihei, Maui",3,20.7476261,-156.4549898
Kauai,3,22.050466550000003,-159.55876775017003
"Virginia Beach, Princess Anne County",3,36.856995,-76.291794
Fort Lauderdale,3,26.1223084,-80.1433786
"Lori Wilson Park, Cocoa Beach, Brevard  County",3,28.33658225,-80.60851227500001
Santa Barbara County,3,34.7136533,-119.985823
San Francisco Bay,3,37.71402905,-122.30779415179862
"Ponte Vedra Beach, St Johns County",3,30.2396865,-81.3856384
"Hanalei Bay, Kauai",3,22.21,-159.5091667
"Ponce de Leon Inlet, Volusia County ",3,29.0635502,-80.9153373
"Hutchinson Island, St. Lucie County",3,27.2961557,-80.2161581
Kau District,3,-6.0878071,145.1213955
"Tiger Shores Beach, Martin County",3,47.826991,-100.115231
St. Lucie County,3,27.381947,-80.445518
"Boca Grande, Lee County",3,26.7489586,-82.262039
"San Miguel Island, Santa Barbara County",3,34.045202450000005,-120.37952995411791
"Holden Beach, Brunswick County",3,33.9135061,-78.3038892
"Ho'okipa Beach, Pa'ia, Maui",3,20.93442065,-156.35584787175685
"Hobe Sound, Martin County",3,27.059498,-80.1364323
"Pensacola, Escambia County",3,30.421309,-87.2169149
"Destin, Okaloosa County",2,30.3935337,-86.4957834
"Gadsden Point, Tampa Bay",2,14.17759,121.27098
"Surf City, Topsail Island, Pender County",2,39.6587349,-74.168292
"Off Masonboro Island, New Hanover County",2,40.29788,-75.58129
"Sunset Beach, Brunswick County",2,54.7437635,-113.5366476
"Bodega Rock, Sonoma County",2,38.2963494,-123.04877345111885
"Cape Canaveral, Brevard County",2,28.3881442,-80.6056464
"Kahana Beach, Maui",2,20.979507,-156.674697
"Staten Island, Richmond County",2,40.5834557,-74.1496048
"Topsail Island, Pender County",2,34.443730900000006,-77.53021869456106
"Paia Bay, Maui",2,20.9202778,-156.386388
"Bethune Beach, south of New Smyrna Beach, Volusia County",2,29.028874,-80.889497
"Linda Mar Beach, Pedro Point, San Mateo County",2,37.594716,-122.509637
Myrtle Beach,2,33.6956461,-78.8900409
"Hobe Sound, Palm Beach County",2,27.059498,-80.1364323
"White Plains Beach, Barbers Point, O'ahu",2,35.258815,-91.192745
"Patrick Air Force Base, Brevard County",2,48.42087,-101.33914
"Stono Inlet, near Charleston, Charleston County",2,32.7884363,-79.9399309
"Honokowai, Maui",2,20.953821,-156.6862836
"Atlantic Beach, Duval County",2,40.5886547,-73.7288791
"Kealia Beach, Kaua'i",2,22.09784,-159.30697
"Fripp Island, Beaufort County",2,32.3164752,-80.4791366
"Sargent Beach, Matagorda County",2,28.83526,-95.66468
"St. Augustine, St Johns County",2,29.8946952,-81.3145395
"Mustang Island, Corpus Christi",2,27.739476,-97.1316551
"Daytona Beach, Volusia County ",2,29.2108147,-81.0228331
"Spring Lake, Monmouth County",2,40.1535132,-74.0293941
Galveston Bay,2,29.5696734,-94.936592
"Kahului, Maui",2,20.8894101,-156.4727118
"Matawan Creek, 10 miles from the sea, Monmouth County",2,40.319115,-74.092018
"San Diego, San Diego County",2,32.7174202,-117.162772
"Sheepshead Bay, Brooklyn",2,46.093597,-62.6704317
"New Smyrna Beach / Waveland, Volusia County",2,29.047109,-80.926829
"South of Ponce Inlet, Volusia County",2,29.100094,-80.9315
"Carolina Beach, New Hanover County",2,34.0351727,-77.8935966
Ocean City (offshore),2,47.082165,-124.162148
Puna,2,18.521428,73.8544541
"Ka'a'awa, Oahu",2,21.55722,-157.85361
Delray Beach,2,26.4614625,-80.0728201
"Sea Bright, Monmouth County",2,40.3615488,-73.9742051
Lake Pontchartrain,2,30.20506325,-90.09675943174909
Folly Beach,2,32.6549967,-79.9406093
"Davenport Landing, Santa Cruz County",2,37.2364325,-86.9199939
"Barber’s Point, O'ahu",2,12.28333,-69.06667
"Monastery Beach, Carmel Bay, Monterey County",2,33.3770435,-87.5823063
"Ocean City, Cape May County",2,39.2776156,-74.5746001
"Leftovers, near Waimea Bay, O'ahu",2,45.780074,-122.546119
Key Biscayne,2,25.6968351,-80.1635261
"Makena, Maui",2,20.655027,-156.4424385
"Fort Pierce, St Lucie County",2,27.4467056,-80.3256056
"Emerald Isle Pier (near Morehead City), Carteret County",2,38.698969,-75.225844
"Municipal Beach, West Palm Beach, Palm Beach County",2,26.752516,-80.161387
"Maile Beach, O'ahu",2,21.301451,-157.817739
"Surf Beach, Lompoc, Santa Barbara County",2,34.663885,-120.47076
"Santa Catalina Island, Los Angeles County",2,33.38890375,-118.42392875335277
"Kahala, O'ahu",2,59.45861,25.52722
"Fort Pierce Inlet, St Lucie County",2,27.4727144,-80.2847782
"Absecon, Atlantic County",2,39.4284503,-74.4957076
Elliot Key,2,36.204031,-115.273263
"Tampa Bay, Hillsborough County",2,27.6886419,-82.5723193
"Boca Ciega Bay, Pinellas County",2,44.6771791,0.3756803
San Juan,2,18.465299,-66.116666
"Morehead, Carteret County",2,38.1839705,-83.4326841
"Palm Beach Inlet, Palm Beach County",2,-28.120579,153.473284
"St Augustine, St Johns County",2,29.8946952,-81.3145395
"Boynton Beach, Palm Beach County",2,26.5256179,-80.0666026
Seabrook Beach,2,42.882297449999996,-70.8149502675951
"San Francisco Bay (or San Leandro Bay), near cannery, Alameda County",2,57.786736,-135.0908625
"Fort Pierce, St. Lucie County",2,27.4467056,-80.3256056
Santa Barbara Channel,2,34.241506799999996,-119.86659009489163
"Hilo, Hawai'i",2,19.7073734,-155.08158
Sarasota County,2,27.1813609,-82.3609195
"Klamath River, Del Norte County",2,41.8612461,-122.825589
"Sebastian Inlet, Brevard County",2,26.3428491,-97.790273
"St Augustine Beach, St Johns County",2,29.8508613,-81.2716634
"Neptune Beach, Duval County",2,30.311908,-81.3964734
"Clearwater Beach, Pinellas County",2,27.9774736,-82.8279313
"Delray Beach, Palm Beach County",2,26.4614625,-80.0728201
"Solana Beach, San Diego County",2,32.9905597,-117.269131
"Makena Landing, Maui",2,20.6539101,-156.4410367355069
"Atlantic Beach, Emerald Isle, Carteret County",2,34.6554744,-77.0580759
"North Beach, St. Lucie County",2,38.7048801,-76.5331735
"LaJolla, San Diego County",2,24.0,-103.96667
"Santa Cruz, Santa Cruz County",2,36.9743626,-122.0294673
"Monterey Bay, Monterey County",2,36.7999557,-121.9010668
"St. Petersburg, Pinellas County",2,59.938732,30.316229
"Wailea Beach, Maui",2,20.68256325,-156.4431133209012
"Salmon Creek, Sonoma County",2,38.350472,-123.0622242
Moloka'i,2,21.16316475,-157.04824323901855
"Mavericks, Half Moon Bay, San Mateo County",2,37.498379,-122.359662
"New Smyrna  Beach, Volusia County",2,29.0258132,-80.9271271
Crescent Beach St. Johns County,2,44.2380664,-64.4142153
"Bridgeport, Fairfield County",2,41.1792695,-73.1887863
Jupiter Inlet,2,26.9448576,-80.0751548
"Midway Island, Northwestern Hawaiian Islands",2,22.23157,114.018829
"Southeast Farallon Island, Farallon Islands",2,52.73444,-7.59306
"Pelican Beach Park, Satellite Beach, Brevard County",2,28.168189599999998,-80.58789799176321
"Haulover Beach, Miami-Dade County",2,25.907562499999997,-80.12140990445131
"Garden City Beach, Horry County",2,-31.977572,115.77234
"Pismo Beach, San Luis Obispo County",2,35.1427436,-120.641288
"Turtle Beach, Siesta Key, Sarasota County",2,27.287101,-82.552397
"Lyman Beach, Kailua-Kona",2,29.568568,-95.013821
"Amelia Island, Nassau County",2,30.6077379,-81.4600909
"Shell Island Panama City Beach, Bay County",2,30.1765914,-85.805386
New Orleans,2,29.9759983,-90.0782127
"Ocracoke, Hyde County",2,35.1145966,-75.9809118
"Ponce de Leon Inlet, Volusia County",2,29.0635502,-80.9153373
"Keawakapu Beach, Maui",2,20.69596425,-156.44388872657092
"Shrewsbury River, Highlands, Monmouth County",2,40.407935,-73.992861
"Sandy Hook Bay, Highlands, Monmouth County",2,40.441777849999994,-74.02931578098375
"Mustang Island, Nueces County",2,27.739476,-97.1316551
Norfolk,2,-29.0289575,167.9587289126371
"Off Makapauu Point, O'ahu",2,32.797395,-85.973891
Florida Straits,2,21.52472,-78.22583
Brazos,2,36.7514028,-106.5614236
"Paukukalo, Maui",2,20.909022,-156.4904386
"Cape San Blas, Gulf County",2,29.7447427,-85.3954358
"Point Conception, Santa Barbara County",2,34.448613,-120.4717299
"Stinson Beach, Marin County",2,37.9008084,-122.6450801
Miami,2,25.7741728,-80.19362
Rockaway,2,40.9012101,-74.5143232
Long Island,2,45.14895105,-66.95863058746312
"Loggerhead Park, Juno Beach, Palm Beach County",2,26.88361965,-80.05530139257064
"Jensen Beach Park, Martin County",2,27.254213,-80.196157
"South of Ponce Inlet, New Smyrna Beach, Volusia County",2,29.09993,-80.93151
"Jekyll Island, Glynn County",2,31.0655982,-81.41431464659931
"Rodanthe, Dare County",2,35.5934472,-75.4678084
"North Jetty, Fort Pierce Inlet State Park, St. Lucie County",2,27.47869875,-80.3030766163625
Volusia County,2,29.0533409,-81.1310761
"Mission Beach, San Diego County",2,-17.8669801,146.1075583
"St. Helena Island, Beaufort County",2,32.3868607,-80.5606622
Daytona Beach Shores,2,29.1760933,-80.9828323
"Oak Island, Brunswick County",2,33.9046184,-78.0827699
Near Key West,2,51.7831985,-102.1277184
"White Plains Beach, Oahu",2,14.354165,121.053136
Lanai,2,20.830544099999997,-156.9029492509114
"Marina State Beach, Monterey County",2,36.6987342,-121.8091734
"Hanna Park, Jacksonville, Duval County",2,30.37095535,-81.40284284733937
"Lauderdale-by-the-Sea, Broward County",2,26.192028,-80.0964326
Brooklyn,2,46.093597,-62.6704317
"North Salmon Creek Beach, Sonoma County",2,38.35705175,-123.06787770071175
"Round Island Park, Indian River County",2,27.561495,-80.328063
"Santa Maria Island, Manatee County",2,27.516462,-82.357665
"Pepper Park Beach, St. Lucie County",2,39.51857,-104.816026
"Ponte Vedra Beach, St. Johns County",2,30.2396865,-81.3856384
Kaiwi Channel,2,21.2382,-157.4815
"Sea Girt, Monmouth County",2,40.1320592,-74.0345813
"South Padre Island, Cameron County",2,26.1036887,-97.1646938
"Brennecke Beach, Po'ipu, Kaua'i",1,21.873054449999998,-159.45138875833956
"Back River, Savannah Beach, Chatham County",1,31.99383,-80.84844
"St. Simons Island or Jeykll Island, Glynn County",1,31.15051,-81.36954
"Laguna Beach, Orange County",1,33.5426975,-117.785366
Pinellas County,1,27.8778904,-82.7329309
"St. Croix, Cane Bay",1,17.7733057,-64.8107005
"Point Purisima, Santa Barbara County",1,34.755988,-120.6367767
"Sea Ranch, Sonoma County",1,38.7149778,-123.455009
"Albion Cove, Albion, Mendocino County",1,39.2274004,-123.7741808
"Bird Rock, near Tomales Point, Marin County",1,38.214074,-122.974795
"Ormond By The Sea, Volusia County",1,29.3491449,-81.0664455
"Waihe'e, Wailuku, Maui",1,20.936812,-156.531495
False Cape,1,46.8182106,-53.6612361
"Point Sur, Monterey County",1,36.3053035,-121.8992477
"Matanzas Inlet, St Johns County",1,29.7060576,-81.2258332
"Waimanu, Honoka'a, Hawai'i",1,21.29437655,-157.85091583789418
Gulf of Mexico,1,25.2834459,-89.9066163
"Ft. Pierce, St Lucie County",1,27.4467056,-80.3256056
"Kalama Beach, Kihei, Maui",1,20.7476261,-156.4549898
"Port Lavaca, Calhoun County",1,28.6149968,-96.6260892
"Off Hilton Head, Beaufort County ",1,32.183446,-80.716797
"2 miles off Jupiter, Palm Beach County",1,37.756142,-89.848325
"Biltmore Beach, near Panama City",1,30.1586518,-85.6602936
"8 miles south of Elliot Key, Miami-Dade County",1,25.61606,-80.490594
"Municipal Bathing area, Riviera Beach, Palm Beach County",1,26.785561,-80.031845
"South Jetty, Galveston",1,29.28592,-94.81164
"Point Comfort, Calhoun County",1,28.6797169,-96.5602537
Southeast Farallon Island,1,64.779262,-18.673522
"Key Biscayne, Miami, Dade County",1,25.6968351,-80.1635261
"Reeds Bay, Brigantine, Atlantic County",1,39.380778,-74.409045
"Ft. Lauderdale, Broward County",1,26.1223084,-80.1433786
"3 days out of Old Saybrook, Connecticut, 37.04'N, 67.57'W, Southern fringe of Gulf Stream",1,51.602337,-1.651208
Bolivar Peninsula,1,29.4782878,-94.5799145
"Pebble Beach, Cypress Point, Monterey County",1,44.34978,-75.07576
"Hollywood, Broward County",1,26.0112014,-80.1494901
100 miles offshore,1,-34.938966,138.537346
"Steel Pier, Atlantic City, Atlantic County",1,39.357738,-74.419246
"Near US Air Force Base at Elgin, Okaloosa County",1,46.49337,-80.996622
"In front of Key Biscayne Beach Club, Key Biscayne",1,28.408803,-81.460024
"Between Palm  & Salerno Inlets, Martin County",1,27.139583,-80.210375
"Pacifica, San Mateo County",1,37.5980374,-122.4995234
"Pompano Beach, Palm Beach County",1,26.2378597,-80.1247667
"Dana Point, San Clemente, Orange County",1,33.449613,-117.61144
"Granite Pier, Rockport",1,42.667337,-70.62216
50 miles NE of Honolulu,1,21.308822,-157.859944
"Snapper Point Jetty, Miami, Dade County",1,25.61606,-80.490594
"Dania, Broward County",1,14.1870291,9.1276753
Off Key West,1,24.5612622,-81.79894817413077
"Waimea Bay, O'ahu",1,-26.562224,153.097159
Manatee County,1,27.5213933,-82.3801566
"Manasquan, Ocean County",1,40.126226,-74.049304
"Off Andy Bowie Park, Padre Island, near Port Isabel",1,27.555932,-97.247185
Hawaii,1,19.593801499999998,-155.42837009716908
"Bird Rock, Tomales Point, near Marin County / Sonoma County border",1,38.257434,-122.796387
"St. Petersburg, Pinnellas County",1,40.55554,-102.81714
Packery Channel,1,27.6326166,-97.2319647
"Makaha, O'ahu",1,21.461657,-158.214426
"Egmont Key, Hillsborough County",1,27.58950465,-82.76205154774937
Ventura,1,34.2783355,-119.293174
Somewhere between Hatteras and Beaufort,1,34.175891,-118.422628
"Hapuna Beach, Hawai'i",1,19.99224725,-155.82575643186394
Okaloosa County,1,30.6765961,-86.6037748
"Awili, South Kona, Hawai'i",1,45.994225,80.726341
"St. Thomas, Magens Bay",1,50.858635,6.49083
"Mullet Key, Pinellas County",1,27.6191996,-82.7239891
"Palm Beach Shores, Riviera Beach, Singer Island, Palm Beach County",1,26.7781183,-80.0355962
"McArthur Beach, Singer Island, Palm Beach Shores",1,26.773621,-80.031376
San Mateo County,1,37.496904,-122.3330573
"Kailua Bay, O'ahu",1,38.255089,-122.968526
Horn Island,1,50.80041235,-57.22632261250041
Fenwick Island,1,38.4623346,-75.0512922
"Monterey, Montery County",1,36.598828,-121.898426
"San Gregorio Beach, San Mateo County",1,37.3226295,-122.403734
Winyah Bay,1,33.2662776,-79.233105
"Satellite  Beach, Brevard County",1,28.1760051,-80.5904623
"Davenport Light, San Mateo County",1,26.40946,-81.443176
"North of Jupiter Inlet, Palm Beach County",1,44.47583,-79.47472
"Running Waters Beach, Ninini Point, Kaua'i",1,21.954636,-159.335737
"Waihe'e, Maui",1,20.93389,-156.51472
"North of Morro Rock, San Luis Obispo County",1,50.573293,-4.830108
"Paradise Beach Park, Brevard County",1,28.123465,-80.575714
"Sea Pines Beach Club, Hilton Head, Beaufort County",1,32.1249294,-80.78680687506075
"Playalinda, Brevard County",1,28.546779299999997,-80.796316933362
"Fort Pierce, St. Lucie County ",1,27.4467056,-80.3256056
"Indian Beach, Ecola State Park, just north of Cannon Beach, Clatsop County ",1,45.9430675,-123.9858194008117
"Wailua, Kaua'i",1,-3.7911402,126.8412357
"Waialua Beach, Moloka'i",1,21.0669,-156.80333
"Latigo Point / Paradise Cove,west of Malibu, Los Angeles County",1,34.035324,-118.68435
"Tunitas Beach, San Mateo County",1,37.35564545,-122.40101627412392
"Nest Key, Monroe County",1,25.154009,-80.5090292
"Kekaha Beach, Kaua'i",1,21.968909,-159.715229
"St Augustine, St. Johns County",1,29.8946952,-81.3145395
"Jupiter Island Beach, Martin County",1,44.0910959,-88.5028902
"15 miles north of Sebastian Inlet, Brevard County",1,41.11229,-102.454728
"Off Shelter Cover (between Fort Bragg & Eureka), Humboldt County",1,40.795621,-124.162676
"Bayport, Hernando County",1,44.3280236,-64.3180851
"Palmetto Dunes, Hilton Head, Beaufort County",1,32.1768014,-80.7175758
"Barbers Point, O'ahu",1,37.788798,-122.294037
"Little Glass Shacks, Princeville, Kaua'i",1,50.757471,-103.704434
New Hanover County,1,34.2751052,-77.8818627
"Masonboro Inlet, New Hanover County",1,34.1848928,-77.8122048
"Pinellas Point, Tampa Bay",1,14.17759,121.27098
"Monastery Beach, Carmel River State Park, Monterey Peninsula, Monterey California",1,41.737893,-72.368077
"Kailua-Kona, Hawai'i",1,19.641941,-155.996933
"Latigo Point / Paradise Cove, west of Malibu, Los Angeles County",1,34.035324,-118.68435
"Pacific Beach, Grays Harbor County",1,32.7978268,-117.2403183
"Wabasso Beach, Indian River County",1,27.7642808,-80.3979434
"Trinidad Head, Humboldt County",1,41.0543691,-124.1518647
"Trinidad State Beach, Humboldt County",1,41.0655576,-124.14835910330518
"Russian Gulch, Jenner, Sonoma County",1,38.452118,-123.120477
"Hanalei Point, Kaua'i",1,22.203116,-159.495811
"North end of County Beach, Palm Beach County",1,46.91826,-104.005915
"Spanish River Park Beach, Palm Beach County",1,26.3821522,-80.06830011751708
"Neskowin, Tillamook County",1,45.106302,-123.9834096
"One'ula Beach Park, 'Ewa Beach, O'ahu",1,30.093446,-97.284296
Baltimore Aquarium,1,42.3595655,-71.0519869
"Ma'ili Beach, O'ahu",1,30.396687,-89.347668
"Croatan Beach, Virginia Beach, ",1,36.8233932,-75.9739684
"8.5 miles south of Ano Nuevo State Reserve, Davenport County",1,37.16480715,-122.32823505209385
"South Miami Beach, Dade County",1,25.7744291,-80.1332415
"John Pennekamp Marine Park, Monroe County",1,25.127014,-80.409118
Florida Bay,1,25.0004073,-80.7497882
"Juno Beach / North Palm Beach, Palm Beach County",1,26.822535,-80.057986
"Near Port Aransas, Nueces County",1,27.8332175,-97.0618324
40 miles off Cocodrie,1,29.24689,-90.66148
"Mustang Island State Park, Nueces County",1,27.67676955,-97.18606748956135
"Anahola, Kaua'i",1,22.1452778,-159.3155556
"Salvo, Dare County",1,35.54018,-75.4729347
"Off Palos Verdes Estates, Los Angeles",1,33.792396,-118.396769
"Gulf of Mexico, 22 miles from Pensacola",1,30.416099,-87.277325
"Between Wrightsville Beach & Carolina Beach, New Hanover County",1,34.039773,-77.897158
Surfside Beach,1,28.950706,-95.2874288
"Kahe Point, O'ahu",1,21.35497295,-158.13027067292361
"Ehukai Beach Park, Sunset Beach, O'ahu",1,21.66861,-158.05444
"90 miles east of Hilo, Hawai'i",1,37.456457,-90.266103
"Montera Beach, San Mateo County",1,2.77717,-75.25642
"Monster Hole, Sebastian Inlet, Indian River County",1,49.321014,-122.962377
"Mokapu, Kane'ohe Marine Air Corps Station, O'ahu",1,21.45045,-157.768
"Fowey Rock, Key Biscayne",1,50.334833,-4.634158
Myers Creek,1,33.9585955,-80.8832203
"Ka'anapali, Maui",1,20.929578,-156.683389
"12 miles northeast of Mayport,  Duval County",1,30.39275,-81.427105
"Off San Diego, San Diego County",1,33.0495163,-116.3014456
"McClure Beach, near Tomales Point, Marin County",1,38.214074,-122.974795
"South of Neptune Beach, Duval County",1,30.315985,-81.381901
"Pajaro Dunes, Santa Cruz County",1,36.8673852,-121.8183169
"Ewa, O'ahu",1,52.334597,15.291819
"South Kohala, Hawai'i",1,-6.0047149,120.4805224
"Ano Nuevo Island, San Mateo, County",1,37.10829805,-122.33682377207748
"Municipal Beach, Boyton Beach, Palm Beach County",1,44.31793,-69.621278
"Public Beach (Carlin Park), Jupiter, Palm Beach County",1,26.61372,-80.037308
"Fort Walton Beach, Okaloosa County",1,30.4057552,-86.618842
10 miles off Cape Canaveral,1,28.3881442,-80.6056464
"Haystack Rock, Cannon Beach, Clatsop County",1,45.889636,-123.961612
"Off San Clemente Island, Los Angeles County",1,32.921423399999995,-118.51541236181541
Padre Island,1,26.8445017,-97.3677593
"Sebastian, Indian River County",1,26.3428491,-97.790273
"Puamana, Lahaina, Maui",1,20.880053,-156.668693
Scofield - Sandy Point,1,32.76903,-83.93963
"North Farallon Island, Farallon Islands",1,52.73444,-7.59306
"North of Point Sur, Monterey County",1,36.598828,-121.898426
" New Smyrna Beach, Volusia County",1,29.0258132,-80.9271271
"Windy Hill, near Myrtle Beach, Horry County",1,33.6956461,-78.8900409
"Perch Rock, Point Conception, Santa Barbara County",1,15.38494,120.79611
"Off Hutchinson Island, St Lucie County",1,27.396555,-80.367796
"Usal Creek, Bear Harbor, Mendocino County",1,39.310283,-123.826282
"Seal Beach, Orange County",1,33.7423967,-118.1055926
"Sandy Hook, Monmouth County",1,38.0864739,-83.1262839
"Off Lahaina, Maui",1,40.764608,-111.854284
"Off Fort Pierce, St Lucie County",1,27.3933242,-80.3714259
"Kama'ole Beach, Park No. 1, Kihei, Maui",1,20.7476261,-156.4549898
"St. Andrews State Park, Bay County",1,30.131226849999997,-85.7360288160103
"Maha'ulepu, Koloa, Kaua'i",1,21.898384,-159.436458
Dewey Beach,1,38.691184,-75.0752724
"Grand Isle, Jefferson Parish",1,29.2366172,-89.9872942
"Bob Graham Beach, Martin County",1,47.826991,-100.115231
"Morro Rock, Morro Bay, San Obispo County",1,35.369669,-120.8676994
"Lake Worth Beach, Palm Beach County",1,26.616021,-80.061297
"Haulover Inlet, Dade County",1,25.9041626,-80.1262252
" Riviera Beach, Palm Beach County",1,26.784343,-80.0650293
"Intracoastal Waterway, Boca Raton, Palm Beach County",1,26.5804909,-80.045848
"Off 12th Street, Miami Beach",1,25.816755,-80.139175
"Caloosahatchee River, Lee County",1,26.7214836,-81.692193
"6 miles south of Boca Chica Key, Monroe County ",1,39.448789,-115.984124
"Cape Kiwanda,Tillamook County",1,45.215783900000005,-123.96959232271179
"Off Lake Worth, Palm Beach County",1,26.623628,-80.058728
San Francisco,1,37.7792588,-122.4193286
"Kane'ohe Bay, O'ahu",1,21.4627778,-157.810277
"Off Crystal River, Citrus County",1,28.900563,-82.599504
"""Turnaround"", Cape Kiwanda, Tillamook County",1,45.23094005,-123.97066167775043
"Bear Harbor, Mendocino County",1,39.9129259,-123.9380805
"Point Buchon, San Luis Obispo County",1,35.2470865,-120.8956216
Off Umpqua River,1,48.900701,-93.823293
"Stuart Beach, Martin County ",1,27.2487695,-80.278897
"Sands Cut, Elliot Key",1,36.204031,-115.273263
"Ha'ena Beach Park, Kaua'i",1,22.2198251,-159.5661413411804
"Honoli'i Pali, Hilo Bay ('Alae Point), Hawai'i",1,19.7562,-155.09142
Carter Cay,1,-26.677761,153.06421114412387
"St. Petersburg Beach, Pinellas County",1,27.7496223,-82.75440861870078
"Keaukaha, Hilo, Hawai'i",1,19.7347074,-155.0255267
"Hilton Head, Beaufort County",1,32.14843605,-80.74639620933924
"Tampa Bay, Manatee County",1,27.935231,-82.495716
"Jupiter Island, Brevard County",1,27.03419,-80.10358224127125
"La'au Point, Moloka'i",1,21.1016966,-157.3103131
"Nimitz Beach, Barbers Point, O'ahu",1,-35.955976,142.840619
"South Moss Beach, Spanish Bay, Monterey Peninsula",1,41.238175,-81.552472
"Stillwater Cove, Sonoma County",1,33.25995355,-111.86255567380107
"Daws Island, Broad River (near Beaufort)",1,50.2144406,3.9615305
Gulf Island National Seashore Park,1,30.402341,-88.77799
North coast,1,53.9025867,-130.09907310011187
Lower Delaware Bay,1,39.1855097,-74.9520223
"Bay St. Louis, Hancock County",1,30.3132453,-89.3343223
"Tangier Sound, Somerset County",1,38.0626234,-75.9954899
"Avalon, Los Angeles County",1,33.34221,-118.3272612
"Pepe'ekeo, Honomu, Hawai'i",1,19.8709075,-155.113434
"Garden Key, Charlotte County",1,45.313872,-66.845505
"Mosquito Inlet (Ponce Inlet), Volusia County",1,29.100094,-80.9315
Small creek near Coles Island,1,46.98605,-93.01354
" Kalepolepo, Kihei, Maui",1,20.76539425,-156.45883672273825
"Rockport, Aransas County",1,28.0205733,-97.0544341
"Mana, Kaua'i",1,5.6687411,-53.7786489
" Marathon, Monroe County",1,48.7209349,-86.371598
"Redondo, Los Angeles County",1,38.6466891,-7.5467636
"Pa'uwela, Maui",1,20.93389,-156.32
"Lewes, Sussex County",1,46.0541507,-62.7438406
"Off Fort Gaines, Dauphin Island, Mobile County",1,30.24847475,-88.07564508738787
"Davis Shore, east of Beaufor, Carteret Countyt",1,34.7949956,-76.4579668
"Cape Lookout, Carteret County",1,34.6054423,-76.536312
"Shrewsbury River,  Monmouth County",1,40.3612585,-73.9769405
"Off Diamond Head, Honolulu, O'ahu",1,21.269557,-157.821018
"St. John's River, Jacksonville, Duval County",1,30.395219,-81.436432
"Prince's Bay, Staten Island",1,40.5834557,-74.1496048
Off Kohala,1,51.220477,6.806355
Near a small wreck in a channel at Indian Key,1,50.59701135,-126.63572161032803
St. John's River,1,12.0577722,-61.7482495
"Trout River, Panama Park",1,61.059791,-120.285051
"Inter-Island Dry Dock at Kakaako Street, Honolulu, O'ahu",1,38.97797405,-76.4865187510953
"Makapu'u Point, O'ahu",1,21.3110062,-157.6489508
"Southport, Brunswick County",1,49.91933905,-98.27576233119458
"Waikiki Beach, Oahu",1,-27.690658,153.386909
Coddington Cove,1,41.5232973,-71.3175071
Indian River Inlet / Fort Pierce Inlet,1,44.887415,-62.346595
"Kalihi, O'ahu",1,21.33071,-157.89087
"Near Port Lavaca, Calhoun County",1,28.6149968,-96.6260892
"Koko Head, south side of O'ahu Island",1,64.779262,-18.673522
"Texas City, Galveston",1,29.396013,-94.9175485
Delaware Lightship,1,40.29867,-83.06797
"Seabright, Monmouth County",1,44.5991015,-63.9202958
"Woodcliff Channel, Freeport, Long Island",1,43.70508,-70.14977
"Municipal Pier, St. Petersburg, Tampa bay",1,46.312621,-79.472085
Nahant,1,42.4264859,-70.9189371
"Capistrano, Orange County",1,38.692282,16.289601
"Keawanui, Kamalo, Moloka'i",1,22.149129,-159.732627
"Bayboro, Pinellas County",1,35.1429445,-76.7702093
Santurce,1,43.3287527,-3.0318766
"Hilo Bay Yacht Club, Hilo, Hawai'i",1,19.736774,-155.03349
Galveston Ship Channel,1,29.28592,-94.81164
"Hale'iwa, O'ahu",1,21.586206,-158.111563
"Seaside, Ocean County",1,45.993246,-123.920213
"Catalina Channel, Los Angeles County",1,34.107377,-118.295067
Off Florida coast,1,30.3790898,-86.3474912
Off shore,1,32.183395,-80.716846
Corpus Christi,1,27.7635302,-97.4033191
"Englewood Beach, Charlotte County",1,26.9233958,-82.3598179
"Slaunwhite's Ledge, Hubbard Cove",1,45.842605,-66.474727
"James Island Sound, Charleston",1,32.72374,-79.96284
"Florida Keys 25ºN,82ºW",1,27.852651,-82.482396
"John's Pass, Pinellas County",1,27.7956481,-82.7789214
"Lavalette, Ocean County",1,43.6375128,1.5949981
"West Palm Beach, Palm Beach County",1,26.715364,-80.0532942
"Honomu, Hawai'i",1,19.8709075,-155.113434
"Soldier Key, Miami-Dade County",1,25.590320650000002,-80.16112788549239
"Beach Haven, Ocean County",1,39.5630072,-74.2406089
"In Matawan Creek, off NJ Clay Company brickyards at Cliffwood, Monmouth County, 9.5 miles from the sea, Monmouth County",1,37.432708,-76.326875
"Atlantic, near New Bern, Craven County",1,35.1084931,-77.0441143
"off Grand Lake, Cameron Parish",1,30.03077,-93.2721
"Sewell’s Point, near Palm Beach",1,42.3766878,-88.1973077
Calibogue Sound,1,32.078966199999996,-80.86201906551977
Florida Keys ,1,24.6670875,-81.5831421
"Nanakuli, Oah’u",1,21.376232299999998,-158.1417650782998
Papaikou plantation ,1,19.795121,-155.091301
"Near Panama City, Bay County",1,30.1586518,-85.6602936
Ramshorn Creek,1,32.1232263,-80.8970055
"a creek near Jacksonville, Duval County",1,30.369914,-81.660992
Point Judith,1,41.3653803,-71.4867226
Palama,1,43.3670247,5.4443138
"Mount Pleasant, Charleston County",1,43.597646,-84.7668495
"Near Fernandina Bar, Nassau County ",1,2.26667,99.41667
Off the Battery,1,58.805668,-3.148718
Cape Hatteras,1,35.2252064,-75.5279144
"Cape Sable, Monroe County",1,39.0798325,-76.5032951
Off Kawaihae,1,20.04111,-155.83056
Cape Canso,1,45.3059797,-60.939572
Mahattan,1,10.8373621,106.84420436668964
"Elliott Cut, Charleston County",1,32.76879,-79.99037
"Cedar Island, Carteret County",1,35.0082203,-76.3160255
"Greenport Sound, Long Island",1,40.597514,-74.098146
"Smithville (now Southport), Brunswick County",1,33.937128,-78.027729
Kawahae,1,20.08583,-155.84139
Chester River,1,39.2028931,-76.0624927
St. Pierre Bank ,1,46.0,-56.0
Coney Island,1,40.57580705,-73.99217527476975
Honolulu Harbor,1,21.3065436,-157.8694441
Patapsco River,1,39.2213123,-76.687499
Cape Cod,1,41.7987588,-69.99606545468316
"Chelsea Beach, Suffolk County",1,39.1020543,-76.5199624
Oahu,1,21.48343645,-158.03648372697478
Grand Banks,1,40.7202788,-74.0159252
Between Manhattan and The Bronx,1,53.523638,-113.509911
"Maliu, Hawai'i",1,28.5832895,103.7040883
"Pensacola Harbor, Escambia County",1,30.439959,-87.176514
"Sag Harbor, Suffolk County",1,40.9978727,-72.2922292
Bristol Harbor,1,41.661213,-71.2822716
"Uo, Lahaina, Maui",1,38.7667818,-76.742746
"Swampscott, Essex County",1,42.4699241,-70.9171507
Near Havana,1,23.135305,-82.3589631
“Southern Wharf”,1,-32.06315565,115.74331113232792
New York,1,40.7127281,-74.0060152
"Lost Tree Village, Palm Beach County",1,36.3927994,-93.9123993
"Magwoods Wharf, Charleston Harbor, Charleston County",1,32.792978,-79.948388
Waikiki,1,21.2793568,-157.8285713
Cumberland Island,1,53.9085014,-102.190901
East River,1,44.5864107,-64.1663703
West Bay near Galveston ,1,29.3056996,-94.7933252
Honolulu,1,21.304547,-157.855676
"Off Normandie-by-the-Sea, Monmouth County",1,40.370804,-73.97413
Hampton Roads,1,36.9507552,-76.41141865690076
"Off Longport, Atlantic County",1,39.307874,-74.523755
Halifax,1,44.648618,-63.5859487
Velasco,1,28.9619144,-95.360495
"New Bern, Craven County",1,35.1084931,-77.0441143
Anastasia Island,1,29.8267581,-81.2782122
"Woolsey's Point, East River",1,-26.064533,28.050424
Rockport,1,28.0205733,-97.0544341
"North Beach, St. Augustine",1,-31.8594459,115.7559971
Raritan Bay,1,40.4742734,-74.1806989
Noyes Beach,1,42.05847,-87.683465
"Near the mouth of the Cape Fear River, Brunswick County",1,-33.93273025,18.62864004583909
"Fernandina, Nassau County",1,44.0431097,11.7636852
Hillsborough Bay,1,46.122827599999994,-63.067676186382805
"Branford, New Haven County",1,41.2795414,-72.8150989
"Portlock, Oahu",1,46.34233,-83.88183
River mouth,1,-33.97049815,114.98656441772377
"Los Angeles, Los Angeles County",1,34.0536909,-118.242766
"Hutchinson Island, Martin County",1,27.16322145,-80.22333991078324
The Narrows,1,-23.599202499999997,150.95091106283175
Providence,1,41.8239891,-71.4128343
"Elizabeth City, Pasquotank County  ",1,36.3010192,-76.2203699
"In the bay near the naval yard at Pensacola, Escambia County",1,38.827592,-104.82162
"Bull’s Bay, near Charleston",1,32.7884363,-79.9399309
"Fort Pickens, Escambia County",1,30.3239917,-87.27975896378913
Jamaica Bay,1,40.6039936,-73.8354124
"Bayonne, Hudson County",1,43.4945144,-1.4736657
"Hamakua Homakua, Hawai'i",1,21.390178,-157.742086
"Pass Christian, Hamilton County",1,30.3157527,-89.247543
Off Sable Island,1,43.925904,-59.967594
"200 miles off Hampton Roads, Virginia, USA",1,39.08118,-82.53794
Indian River area,1,49.6364768,-123.0189454
"Pacific Beach, San Diego County",1,32.7978268,-117.2403183
"Sarasota, Sarasota County",1,27.3365805,-82.5308545
"Siesta Key, Sarasota County",1,27.276201,-82.5642993
"Longboat Key, Sarasota, Sarasota County",1,27.4125417,-82.6589881
Staten Island,1,40.5834557,-74.1496048
"Baker's Haulover, Miami Beach",1,25.900128,-80.122985
"Coronado Strand, San Diego County",1,32.764601,-117.250797
"Near Twin Islands off Lanikai, O'ahu (east coast)",1,49.3495164,-122.89156219091694
"Oak Beach, Fire Inlet",1,40.6313395,-73.2738593
"Vaca Cut Channel & bridge under Marathon, Monroe County",1,24.843391,-80.750168
"Hilo, off Kaua'i",1,-14.924762,-69.029557
"Baker Beach, San Francisco County",1,37.7931092,-122.4838421914283
"Indian Rocks Beach, Clearwater, Pinellas County",1,51.6503514,-120.0654595
"Off La Jolla Cove, San Diego County",1,57.11847,-2.104124
"Alligator Head, La Jolla, San Diego County",1,32.85116,-117.27337
"In kelp beds off La Jolla, San Diego County",1,32.72793,-117.15529
1 mile off Miami Beach,1,25.816755,-80.139175
Water Island,1,56.227980099999996,-61.85244342171033
"Miami Seaquarium, Virginia Key, Miami, Miami-Dade County",1,37.033329,-79.66749
"Salter Path, Atlantic Beach, Carteret County",1,34.701803,-76.738528
Chicago (Lake Michigan),1,13.1208222,-84.1312194
"Pacific Grove, Monterey County",1,36.6211149,-121.917794
"Trinidad Bay, Humboldt County",1,41.0542911,-124.1409023
Windy Hill Beach,1,33.7936159,-78.7301108
"Zuma Beach, Santa Monica, Los Angeles County",1,34.022034,-118.83031
East Moloka'i,1,32.087336,-110.711551
Near Port Canaveral Coast Guard Base,1,34.644822,-93.331159
Aquadilla,1,26.545582,-80.11505
"Miami, Miami-Dade County",1,25.7741728,-80.19362
"South Beach, Fort Pierce, St Lucie County",1,27.444029,-80.333958
"Atascadero Beach, Morro Bay, San Luis Obispo County",1,35.365937,-120.849165
"8 miles off St. Marks, Wakulla County",1,30.162924,-84.208142
"Savannah Beach, Savannah, Chatham County",1,33.677642,-117.679761
"Between False Klamath & mouth of Klamath River, Del Norte County",1,41.54572,-124.068023
"Sea Spray, Palm Beach",1,50.436628,-3.561404
"Fowey Rock Light, Miami",1,25.59062,-80.09669
"Atlantic Beach, Horry County",1,40.5886547,-73.7288791
Haulover Inlet,1,38.1676305,-76.7680201
"Off Point Mugu, Ventura County",1,34.262734,-119.29342
"Hutchinson Island Beach, Martin County",1,44.0910959,-88.5028902
"Maile Point, O'ahu",1,19.077173,-155.762965
"Topanga Canyon Beach, Santa Monica Bay",1,10.237963,123.835549
"Fairmount Park Aquarium, Philadelphia",1,39.990882,-75.18777
"Laguna Beach, Bay County",1,33.5426975,-117.785366
"Albergotti Creek, near Air Station boat docks, Beaufort",1,32.449291,-80.732379
Whitewood Point on Lloyd Neck in Oyster Bay,1,45.2257045,-75.69220510079273
"Pearl Harbor Channel, O'ahu",1,21.35577465,-157.95521107461963
"Pawley’s Island, Georgetown County",1,33.42961,-79.12171
"Ocean Ridge, Boca Raton, Palm Beach County",1,26.375019,-80.104975
"8 miles off Newport Beach, Orange County",1,33.59153,-117.886307
30 miles east of Corpus Christi,1,15.750197,-86.855795
"Seaside Park, Ocean County",1,39.9267832,-74.0763847
Key Largo Sound,1,25.1331795,-80.3920003
"Off Port Everglades, Broward County",1,26.09703,-80.12727
"Near Paradise Cove, Malibu, Los Angeles County",1,34.021899,-118.786806
120 miles southeast of New Orleans,1,47.90345,1.90081
"Between Keawakapu & Makena, Maui",1,20.64644,-156.44129
"Off Boca Raton Hotel & Club, Boca Raton, Palm Beach County",1,26.337878,-80.072021
"Lignum Vitae Channel, Florida Keys, Monroe County",1,24.663622,-81.399637
"Aptos, Santa Cruz County",1,36.9941295,-121.89033677231834
"North picnic area, Jekyll Island, Glynn County",1,31.169229,-81.439183
"10 miles off Santa Barbara, Santa Barbara County",1,34.389656,-119.702652
"2 miles east of Dania Beach, Broward County",1,27.364977,-82.623659
"Little River Beach, Horry County",1,33.8475763,-78.6296355
Hog Island,1,45.14119025,-66.96567805076259
Mississippi City,1,30.3818646,-89.0439248
Parris Island,1,32.3351978,-80.6923295
"Mispillion Light, Delaware Bay",1,38.9473346,-75.3149139
"Barnegat Light, Ocean County",1,39.7537149,-74.1088188
Off Cape Hatteraa,1,52.130057,-106.652599
"Miami, Miami-Date County",1,25.941905,-80.242518
"Long Branch, Monmouth County (offshore)",1,40.3042778,-73.9923596
"Pamlico Sound off Frisco, Dare County",1,35.231114,-75.630223
Georges Bank,1,41.2100343,-67.3811084
"Lahaina, Maui",1,38.7667818,-76.742746
"Honokohau, Maui",1,21.0172326,-156.6082865
Pontchartrain Beach,1,30.0318374,-90.0622941
"Dana Point, Orange County",1,33.4669721,-117.6981075
"Near Encino, Los Angeles County",1,6.1380098,-73.0986366
"At sea, several hundred miles south east of Cape Henry, Virginia",1,36.8293,-79.99171
"West Bay, 19 miles from Galveston",1,41.469352,-71.435014
"Off San Pedro, Los Angeles County",1,33.733309,-118.292224
"Kane'ohe Bay, Mokapu, O'ahu",1,21.405805,-157.792404
"Brown’s Inlet on New River, Onslow Beach",1,34.580524,-77.277565
50 miles offshore,1,38.384428,-75.154654
"Thunderbolt, Chatham County",1,32.0335445,-81.0498342
"Melbourne, Brevard County",1,-37.8142454,144.9631732
Fort Moultrie,1,32.7597937,-79.85777466479117
70 miles off Tarpon Springs,1,28.1470965,-82.756367
High Island,1,50.68387455,-126.68244698210856
"Key West, Monroe County ",1,24.5548262,-81.8020722
"Sandy Hook (ocean side), Monmouth County",1,45.4501863,-76.3739734
Off Brownsville,1,35.588512,-89.256829
"1 mile ESE of Navesink, Monmouth County",1,40.403963,-74.043614
"1 mile off Mala Wharf, Lahaina, Maui",1,20.880053,-156.668693
"Off Ocean City, Cape May County",1,39.287933,-74.586569
"Offshore, between Mantoloking & Point Pleasant, Ocean County",1,32.7905034,-79.9055868
North end of Morris Island at mouth of Charleston Harbor,1,45.0709,-69.03378
Mystic River,1,41.3710068,-71.9668825
"Pawley’s Island, north of Charleston",1,49.477291,-124.797625
"Brielle, Monmouth County (Offshore)",1,51.901662,4.1626292
"Kahakuloa, Maui",1,20.9969443,-156.550918
"Beach 103rd Street, Rockaway ",1,43.104866,-79.304398
"Rock Harbor, Key Largo, Monroe County",1,25.0767814,-80.4602875
Near Port Arthur,1,49.143556,-100.970246
"Kapehu Beach, Laupahoehoe, Hawai'i",1,-36.626093,174.669774
"Mona Island, 40 miles west of the mainland ",1,42.949576,-78.805325
"Off Santa Monica, Los Angeles County",1,34.021711,-118.479052
"Panacea, Wakulla County",1,30.0374268,-84.3876768
"Pacific Grove, Monterey Bay, Monterey County",1,36.624975,-121.925784
"Between Ala Moana Channel & Kewalo Basin, O'ahu",1,34.031211,-118.512369
Kaula Rock near Niihau ,1,29.683415,77.298733
"Fourchu, Cape Breton Island",1,45.7156331,-60.2593823
"Waiau, Pearl Harbor, O'ahu",1,36.457014,-77.939662
Rockaway Beach,1,45.613598,-123.943147
"Wailupe, O'ahu",1,21.27635985,-157.76022899492716
"Waikiki, O'ahu",1,42.830143,13.933969
Montauk,1,41.0347223,-71.9442623
"Oketee River, Jasper County",1,33.837731,-87.264946
"Midway, Northwestern Hawaiian Islands",1,26.39414,-169.3197
"3 miles from shore off McGregor Point, Maui",1,20.788413,-156.305445
Victim was on said to be on tanker that collided off Florida coast on 10-20-1943,1,54.77895,-1.58215
"Atlantic Beach, Mayport,  Duval County",1,34.6990505,-76.7402108
North Beach,1,37.8011749,-122.4090021
"Ocracoke Inlet, Carteret County",1,35.06391455,-76.02669166944023
Ocracoke,1,35.1145966,-75.9809118
"Off Waianae, O'ahu",1,34.09723655,-118.3259914873736
In a canal 10 miles north of St Augustine,1,33.54275,-86.769601
Biscayne Bay,1,25.5659397,-80.2164388
"Gulf of Mexico between Brownsville & Carmen, Mexico",1,25.9368419,-100.3613419
"St. John, Genti Bay",1,18.322177,-64.7495815
"10 miles off Redondo Beach, Los Angeles County",1,33.867435,-118.372492
"Horseshoe Reef, Scott Creek, Davenport, Santa Cruz County",1,-14.137055,121.813354
"Carysfort Lighthouse, Key Largo, Monroe County",1,25.127374,-80.41022
"Maliko Point, Maui",1,19.592044,-155.961737
"Spanish House Beach, Brevard County",1,33.797141499999995,-84.32999044826147
"Maha‘ulepu Beach, Kauai",1,22.009966,-159.338534
"Topanga Beach, Los Angeles County",1,34.03882055,-118.58162562500002
Key Largo,1,25.167201,-80.37424856462349
"Spreckelsville, Maui",1,20.89694,-156.415
"St. Augustine Beach, St. John's County",1,29.844949,-81.27149
"South Beach, Miami-Dade County",1,34.0489989,-118.9541263
" Cocoa Beach, Brevard  County",1,28.3184107,-80.6094959
Hobe Sound,1,27.059498,-80.1364323
"Tourmaline Surf Park, San Diego County",1,38.448905100000005,-75.06512529393343
"Seaport, Brevard County",1,3.1046493,101.61111019180845
"Humboldt Bay, Eureka, Humboldt County",1,40.68790815,-124.21452860844356
"Davidson's Surf Break, Kekaha, Kaua'i",1,21.278825,-157.843064
Kiholo Bay,1,19.8525289,-155.925669
"""Stuart Rocks"", Martin County",1,41.61987,-72.82241
"Ka'anapali, Honokowai, Maui",1,20.9575,-156.68861
Ka’anapali Shores,1,12.199214,-68.303262
"Ballston Beach, Truro, Cape Cod",1,42.000570749999994,-70.02088163465946
"Tofino, Vancouver",1,49.2608724,-123.113952
"Pleasure Point, Santa Cruz County",1,36.96569,-121.9649818
"Bathtub Reef  Beach, Stuart, Martin County",1,17.7543731,-64.6033653
"Nimitz State Beach, Oahu",1,44.0600758,-68.7865611
"Samoa Beach, Humboldt County",1,40.814998,-124.189865
Hatillo Beach,1,10.1309761,-65.394549
Seaside,1,36.62593,-121.8169260491048
Cape Canaveral,1,28.3881442,-80.6056464
"Newport, Lincoln County",1,51.5882332,-2.9974967
Pigeon Point,1,37.0532901,-121.4938309
Seaside Cove,1,33.8528031,-117.9501108
"Makahuena Point, Kauai",1,21.8683987,-159.4442803
"Lincoln City, Lincoln County",1,44.9617922,-124.0159522
"Leftovers near Chun's Reef, Oahu",1,45.780074,-122.546119
Off Catalina Island,1,35.81018,-75.56767
"Leffingwell Landing, Cambria,  San Luis Obispo County",1,35.551586,-121.085136
"Iroquiois Point, Oahu",1,46.480805,-120.09691
"Summerland Key, Monroe County",1,24.6656987,-81.4423048
"Near Boynton Beach, Palm Beach County",1,26.5256179,-80.0666026
"Halewia, Oahu",1,34.00289,-85.939222
"Juan Ponce de León Landing, Melbourne Beach, Brevard County",1,28.067711,-80.558729
"Gleneden Beach, Lincoln County",1,44.8789911,-124.0346728
"Keawekapu Beach, Kihei, Maui",1,20.7476261,-156.4549898
"Between  Makena & Molokini, Maui",1,20.64644,-156.44129
"Ninole Bay, Hawaii County",1,19.937851,-155.168152
"Santa Lucea Beach, South Hutchinson Island, St. Lucie County",1,27.381947,-80.445518
Macarthur State Park,1,26.8239253,-80.04407871473353
"Bethel Shoals, Indian River County",1,44.34362,-78.14068
"West Beach, Galveston",1,32.5968693,-80.1131843
"Off Snipe Point, Florida Keys, Monroe County",1,41.0603,-75.334235
"Cape Henlopen State Park, Sussex County",1,38.768655,-75.087459
"Oceano Dunes State Beach, San Luis Obispo County",1,35.1123109,-120.62625990000001
"Manhattan Beach, Los Angeles County",1,46.728294,-94.134704
Okaloosa Island,1,64.779262,-18.673522
"Table Beach, Brevard County",1,35.232996,-82.731589
"South of Cocoa Beach, Brevard County",1,28.33292,-80.62533
"Bay Head, Ocean County",1,40.0717828,-74.0543036
"Waiehu, Maui",1,20.9208377,-156.4956999
"Pila'a Beach, Kaua'i",1,22.21165,-159.36308
Miami Beach,1,25.7929198,-80.1353006
"Surfside Beach, Brazoria County",1,28.950706,-95.2874288
Kona Coast State Park,1,19.79639,-156.0175
"Pacific State , San Mateo County",1,47.2059855,-124.20301040108598
"Butler Beach, St Augustine,       St. Johns County",1,29.8244445,-81.27262735619469
"Ulua Beach, Maui",1,20.6905308,-156.4436696461002
"Ka'a Point, Maui",1,-37.6620372,176.1868322
"Pillar Point, Half-Moon Bay, San Mateo County",1,43.9703364,-76.1257598
Pohoiki ,1,19.4598015,-154.8444875
"Winterhaven Park,           Ponce Inlet, Volusia County",1,29.10432725,-80.9413695402376
Catalina Channel,1,47.60399,23.54441
"Butterfly Beach, Montecito, Santa Barbara County",1,34.41760105,-119.64898168655026
Key West Aquarium,1,24.55907395,-81.80731969821272
"Casino Beach, Pensacola, Escambia County",1,30.406006,-87.230798
"Carlin Park, Jupiter, Palm Beach County",1,26.92914025,-80.07059498915211
"Grass Island, Aransas County",1,28.0514053,-97.1538796
"Buxton Beach, Dare County",1,35.258538,-75.539712
"Kure Beach, New Hanover County",1,33.9968399,-77.9072081
Quebradillas,1,18.473687,-66.938211
"Ala Moana Beach Park, Oah'u",1,21.2914727,-157.8437734248153
Buck Island,1,54.4981293,-7.948036670359105
"McKenzie Beach Park in Pahoa, Hawai'i ",1,36.099216,-78.312406
Hutchinson Island,1,46.2630234,-81.3345718
"Ormond-by-the-Sea, Volusia County",1,29.3491449,-81.0664455
Bethune Beach,1,28.9491539,-80.83783
"Santa Rosa Beach, Walton County",1,30.3960324,-86.2288322
Alenuihaha Channel,1,20.5274605,-155.9095884
 Vieques,1,18.1215622,-65.45746403129988
San Diego County,1,32.9637838,-116.7706277
Kona,1,24.018631900000003,81.5056605810133
"Walton Rocks, St Lucie County",1,27.3387984,-80.23292402934564
"Carlin Park, Jupiter Inlet",1,43.023239,-76.182049
"Shell Beach, San Luis Obispo County",1,35.1552532,-120.672394
"Biscayne National Park, Miami",1,25.6439925,-80.1664363
"Intracoastal Waterway,      St. Petersburg",1,27.6543167,-82.6075839
"Lahilahi Point, Oahu",1,21.4597561,-158.2148544
"Litchfield Beach, Georgetown County",1,33.4668348,-79.0997632
"Kamilo Point, Hawai'i",1,21.9612374,-159.3297899
"West Cove, Catalina Island",1,43.353295,-80.337529
Huguenot Park,1,40.9228769,-73.7942996
"Venice Pier, Venice, Los Angeles County",1,33.987237,-118.471124
"Wailea, Maui",1,19.8859389,-155.1232824
"Waialua Bay, O'ahu",1,30.088453,-97.299181
"Off Fort Pierce, St. Lucie County",1,27.3933242,-80.3714259
"Opposite Patrick Air Force Base, Brevard County",1,28.23809,-80.6079
" Huntington Beach, Orange County",1,33.6783336,-118.000016
"Lovers Key State Park, Bonita Springs, Lee County",1,26.3914008,-81.8781418847581
"Beachway Avenue Approach, New Smyrna Beach, Volusia County",1,29.026622,-80.931684
"Near Cocoa Beach, Brevard  County",1,28.3184107,-80.6094959
"New Smyrna Beach / Ponce Inlet, Volusia County",1,29.100094,-80.9315
"Palm Beach Shores, Palm Beach County",1,26.7781183,-80.0355962
"Hammocks Beach State Park, Bear Island, Onslow County",1,44.28607,-68.283562
Cherry Grove,1,45.4476126,-123.243443
"Curlew Island, Breton Sound",1,-45.786904,166.612404
Kawa'a ,1,48.848003,2.373433
"Ponce, Volusia County",1,18.011564,-66.613958
"Micklers Landing, St. Johns County",1,51.501623,0.040058
"Figure Eight Island, Wilmington, New Hanover County",1,39.7459468,-75.546589
Sandridge Beach,1,-37.8409176,144.91496013194643
"Surf Beach, Vandenberg AFB, Santa Barbara County",1,-35.760256,150.206378
"Burnt Cove near Eastport, Washington County",1,44.914052,-67.011201
Florence,1,43.7697955,11.2556404
"Tavares Bay, Maui",1,20.788413,-156.305445
" Kahului, Maui",1,20.8894101,-156.4727118
Matagorda Beach,1,28.6006248,-95.9717787
"Follett's Island, Brazoria County",1,29.051386,-95.568451
"Off Jupiter Inlet, Palm Beach County",1,44.47583,-79.47472
"Perdido Key, Escambia County",1,30.3180487,-87.42592753140273
"Sunday Beach, Matagorda Island, Calhoun  County",1,28.319879,-96.457557
"Ocracoke Island, Hyde County",1,35.1283086,-75.92190229748437
"Egg Harbor, Atlantic County",1,45.0502898,-87.2806288
Beaufort Inlet,1,-34.4603112,118.88658121584828
"Near oil rig Hondo, 5 nm from Gaviota, Santa Barbara County",1,32.083104,-81.026556
Off Long Island,1,45.2381915,-75.69132707529974
"Terramar Beach, Carlsbad, San Diego County",1,29.1357969,-95.0604822
"Pismo Beach, San Luis  Obispo County",1,35.1427436,-120.641288
"Corolla, Currituck County",1,36.3847464,-75.8286983
"Key Colony Beach, Monroe County",1,24.7209744,-81.0186827
"Kalama Park, Maui",1,20.731544300000003,-156.4530372738763
"Davenport, Santa Cruz County",1,41.5235808,-90.5770967
"Loch Lomond, Marin County",1,45.7668159,-60.566067
"Lori Wilson Park, Cocoa Beach, Brevard County",1,28.33658225,-80.60851227500001
"Adventure Aquarium, Camden",1,39.94544275,-75.13149609390186
"Stuart, Martin County",1,27.197983,-80.2519175
Riviera Beach,1,26.784343,-80.0650293
Hanalei Bay,1,2.631579,43.681258
Off Tarpon Springs,1,28.14612,-82.75677
Jacksonville,1,30.3321838,-81.655651
Fripp Island,1,32.3223759,-80.4821328
"Eight Mile Beach, Galveston",1,29.28592,-94.81164
"Dog Patch, San Onofre",1,32.0607119,34.83444400173765
"Hallandale Beach, Broward County",1,25.9812025,-80.148379
Apalachicola Bay ,1,29.7255084,-84.9827725
"Shelter Cover, north of Fort Bragg, Shelter Cove, Mendocino County",1,50.180854,-122.880239
"Marconi Beach, Wellfleet, Barnstable County",1,41.8910565,-69.9614174
"Snipes Point, Monroe County",1,33.883704,-88.494207
Ventnor,1,50.594976,-1.2029747
"DeBordieu Colony, Georgetown County",1,33.3690565,-79.1517111
"Jacksonvlle, Duval County",1,30.369914,-81.660992
"Menauhant Beach, Falmouth,
Barnstable County",1,41.5497635,-70.5551593
"Sea Pines Resort, Hilton Head Island, Beaufort County",1,32.131786500000004,-80.7928551250964
Bathtub Beach ,1,27.18588305,-80.16071626913461
"Shipwreck’s Beach, Keoneloa Bay, Kauai",1,34.354234,-84.629293
Fort Worth,1,32.753177,-97.3327459
"Kama‘ole Beach Park, Maui ",1,1.499731,103.757237
"Davidsons Beach, Kekaha, Kauai",1,21.96058,-159.70488
"Lantana Beach, Palm Beach County",1,26.5865308,-80.052166
"Stillwater Cove, Monterey County",1,33.25995355,-111.86255567380107
"Hultin's Beach, Oahu",1,44.057308,-64.641656
"Stearns Wharf, Santa Barbara",1,34.412162,-119.6890166
"Seal Rock, Goleta Beach, Santa Barbara",1,34.4196961,-119.8352956
"South Beach, Westport, Grays Harbor County",1,46.88895345,-124.10642920000001
Wrightsville Beach,1,34.2079917,-77.7955907
"Blockhouse Beach, Brevard County",1,35.232996,-82.731589
Jensen Beach,1,27.2500487,-80.2304161
Monterey Bay,1,36.7999557,-121.9010668
"Daytona, Volusia County",1,17.9530185,-76.9182383
St. Augustine,1,29.8946952,-81.3145395
"Kekaha Beach, Kauai",1,21.974698099999998,-159.74243625329257
Georgetown County,1,33.4392245,-79.3343041
"Sunset Beach, Orange County",1,54.7437635,-113.5366476
Off Jupiter,1,51.220477,6.806355
"Awendaw, Charleston County",1,33.0376703,-79.613127
"Middle Sambo Reef off Boca Chica, Monroe County",1,47.85131,-121.98551
"Burkes Beach, Hilton Head, Beaufort County",1,32.1933234,-80.69492145170693
"Singer Island, Palm Beach County",1,26.7850625,-80.0375408
"South Forest Beach, Hilton Head Island, Beaufort County",1,32.1465972,-80.7437196
Kukio Beach,1,19.817363,-155.9987741
"Isle of Palms,  Charleston County",1,32.7867697,-79.7880359
"Surfside Beach, Horry  County",1,28.950706,-95.2874288
"Honokowai Point, Maui",1,20.9481316,-156.6919043
Waikoloa area,1,19.93970275,-155.7890169517233
"North Koahala, Big Island",1,35.797427,-79.046024
"Crescent Beach, St Johns County",1,44.2380664,-64.4142153
"Anaehoomalu Bay, Hawaii",1,19.9154922,-155.8897838
"Off Boca Grande, Lee County",1,26.74896,-82.26204
"Browns, Oahu",1,51.38201995,-2.358244141069518
"Ship Bottom, Ocean County",1,39.6496005,-74.1757169
"Fort Macon State Beach, Carteret County",1,34.6987266,-76.69236137025939
"Lighhouse Point Park, Ponce Inlet, Volusia County",1,29.084988,-80.929384
"Wilmington River, Chatham County",1,32.0487979,-81.0323281
"Haulover Inlet, Miami-Dade County",1,25.9041626,-80.1262252
"Moonstone Beach, South Kingstown, Washington County",1,41.398406,-71.576296
"Off Cape Hatteras, Dare County",1,35.215573,-75.689295
Off Key Biscayne,1,25.69119,-80.165652
"Makaha Beach, Oahu",1,-12.206631,-77.014699
"Napoopoo Park in Kealakekua Bay, The Big Island",1,30.829423,-82.609586
"Cape Kiwanda, Tillamook County",1,45.215783900000005,-123.96959232271179
"Sandspit Beach, Montaña de Oro State Park ",1,34.259517,-78.52360970119813
"Near Patrick AFB, Brevard County",1,35.232996,-82.731589
"Beacons Beach, San Diego County",1,32.956135,-117.146651
"Habush, Oahu",1,13.35083,44.25708
"St. Simon Island, Glynn County",1,36.613324,-76.198426
"Near the Bahia Honda Bridge, Monroe County",1,47.85131,-121.98551
"Oceanside, San Diego County",1,33.1958696,-117.379483
"John Pennekamp Coral Reef State Park, Monroe County",1,25.1242165,-80.4070373
"Trinidad Beach, Huboldt County",1,-34.26054,-57.621656
"Sailors Haven, Fire Island, Suffolk County",1,40.714522,-72.919395
"Atlantique Beach, Fire Island, Suffolk County",1,40.6417443,-73.1728734
"Crystal Beach, Galveston  County",1,42.8136766,-77.2635918
"Longnook Beach, Truro, Barnstable County",1,42.020224150000004,-70.0378159644203
"Rhode River, Chesapeake Bay",1,39.109492,-76.440528
"Atlantic Beach, Carteret  County",1,40.5886547,-73.7288791
"Pounders Beach, Oahu",1,33.762587,-88.395939
"Newcomb Hollow Beach, Wellfleet, Barnstable County",1,41.96148525,-69.9939858892793
Humboldt County,1,40.5997415,-123.8997734
"Avalon State Park Beach, North Hutchinson Island, St Lucie County",1,27.27148,-80.206201
"Kamaole Beach Park I, Maui",1,20.72133105,-156.44740074805583
"Mayport Naval Station Beach, Duval County",1,33.744967,-118.071593
"Ocracoke, Lifeguard Beach, National Park Service, Hyde County",1,46.754279,-122.103549
"3 miles off Jupiter, Palm Beach County",1,42.3839577,-123.3870838
"Resident's Beach, Marco Island",1,25.9359368,-81.73250012904145
Kanahena Cove ,1,42.317954,-82.843429
Off San Diego,1,33.0495163,-116.3014456
Surf City,1,39.6587349,-74.168292
"South Beach, Hunting Island State Park, Beaufort County",1,51.640436,-128.153963
"Isle of Palms County Park, Isle of Palms, Charleston County",1,32.78677625,-79.78579264102592
"Off Surf City, Pender County",1,34.43284,-77.550022
Mayport Naval Station  Duval County,1,30.38425255,-81.41534028069897
"Edisto Beach, Colleton County",1,32.4793551,-80.3348229
Cortes Bank,1,10.3323968,123.9450935
"Murrells Inlet, Georgetown County",1,33.5499183,-79.0430329
"Morro Bay, San Luis Obispo County",1,35.3658075,-120.849901
"Morro Strand State Beach, San Luis Obispo County",1,35.428812,-120.883466
"Deer Creek Beach, Ventura County",1,25.8138,-98.84624
"El Pescador Beach, Los Angeles County",1,34.273637,-118.433523
Hapuna Beach,1,19.99224725,-155.82575643186394
Lahaina,1,20.8738769,-156.677678
Off Panama City,1,8.9936,-79.51973
"Windsor Beach, Indian River County",1,43.2539508,-77.5972237
"Figure Eight Island,  New Hanover County",1,34.2701077,-77.75808806783176
Assateague National Seashore,1,38.189903,-75.159949
"Fletcher Beach, Hutchinson Island, Martin County",1,32.0973,-81.10189
"Manomet Point, Plymouth, Plymouth County",1,41.9265837,-70.5392325
"Katrina Cut, Dauphin Island, Mobile County",1,30.25621,-88.211363
"Manresa State Beach, Santa Cruz County",1,36.927596449999996,-121.85945593041086
"Walls Beach, Vandenberg AFB, Santa Barbara County",1,60.229583,-1.562438
"Cherie Down Park, Brevard County",1,28.39213565,-80.59698737553302
"Maalaea, South Maui",1,20.804364,-156.498883
"Leadbetter Beach, Santa Barbara County",1,34.4009409,-119.7006062372549
"North Kohala, Hawaii County",1,20.23779785,-155.81489481229508
"Fort Pierce Inlet State Park, St. Lucie County",1,27.47869875,-80.3030766163625
"Airplane Beach, Lahina, West Maui",1,33.713577,-88.017164
"Indian Harbor Beach, Brevard County",1,40.26174,-80.26784
"Montaña de Oro State Park, San Luis Obispo County ",1,35.293805250000005,-120.86155658944107
"Big Talbot Island, Duval County",1,30.4835724,-81.4400884
"Gaviota State Beach, Santa Barbara County",1,35.108618,-120.627978
"Fernandina Beach, Amelia Island, Nassau County",1,30.61147,-81.4559
"Off Singer Island, Palm Beach County",1,-36.782501,175.04461
"Neptune, Duval County",1,39.0753562,-81.7798545
"Corona Del Mar, Newport, Orange County",1,33.5995916,-117.873739
"Pirates Beach, Galveston",1,29.20555215,-94.9369341717906
"Kalapaki Beach, Kauai",1,21.96022935,-159.35172239903682
"Off Palos Verdes peninsula, Los Angeles County",1,33.794341,-118.390699
"Off Gloucester, Essec County",1,52.130057,-106.652599
"Capitola, Santa Cruz County",1,36.9762927,-121.954057
"Surfside, Orange County",1,25.8784285,-80.1256007
"Refugio State Beach, Santa Barbara County",1,34.465078,-120.068415
"Kingston Plantation, Myrtle Beach, Horry County",1,33.76738335,-78.77781528332228
"Makaha, Oahu",1,21.472879,-158.210678
"Indian Beach, Ecola State Park, Clatsop County",1,30.131226849999997,-85.7360288160103
"Charlie Young Beach, Kihei, Maui",1,20.724779,-156.449148
"Hooipa Beach Park, Maui",1,44.572828,-109.058803
"Hugenot Beach , Jacksonville, Duval County",1,-33.835056,18.54456
"Corners Beach, Jupiter, Palm Beach County",1,25.691451,-80.438638
"Upolu Point, North Kohala, Big Island",1,59.40417,26.52639
"Fort Myers Beach, Lee County",1,26.4520248,-81.948145
"Horseshoe Rock, Santa Barbara County",1,-5.680002,-43.101736
"Leftovers, Oahu",1,21.63111,-158.07667
"Shipyard Beach Club, Hilton Head Island, Beaufort County",1,32.19382,-80.73816
"Off Leffingwell Landing, San Luis Obispo County",1,35.266778,-120.659441
"Lanikai Beach, Kailua, Oahu",1,21.391734200000002,-157.71481210121263
"Waikiki, ",1,21.2793568,-157.8285713
"Deerfield Beach, Broward County",1,26.318342,-80.0996306
"Malaka, Oahu",1,-6.8285405,108.0323054
"Kehena Beach, Hawaii",1,19.3949741,-154.92866822528492
"Paradise Beach, Melbourne, Brevard County",1,28.12303205,-80.57537687455363
La'aloa Beach Park,1,21.340376,-158.107462
Off Surfside,1,25.878625,-80.124731
"Hanalei Bay, Kauai, ",1,22.21,-159.5091667
"Vero Beach, St. Lucie County",1,27.6387163,-80.3975399
"Bolsa Chica State Park, Orange County",1,33.76400155,-118.03498047956396
North Carolina Aquarium at Fort Fisher,1,33.963331499999995,-77.92667234305969
"Indian River Inlet, Rehoboth Beach",1,38.60992505,-75.06817774765801
"Islamorada Founder's Park, Plantation Key, Monroe County",1,27.932934,-82.316754
"Atlantiic Beach, Duval County",1,46.91545,-104.00762
"Ocean Beach, Jaycee Park, Vero Beach, Indian River County",1,27.642936,-80.413043
"Sandridge Beach, Virginia Beach, Princess Anne County",1,29.743535,-82.015298
Frying Pan Shoals,1,33.48316335,-77.58346932499525
"Quarter mile offshore in Kaanapali, West Maui",1,50.487798,-96.970467
"Olowalu side of Lahina, Maui ",1,20.821241,-156.617111
"Hobe Sound Beach, Palm Beach County",1,42.37669,-88.19731
"Atlantic Dunes Park, Delray Beach, Palm Beach County",1,26.44199905,-80.06139109399446
"11 miles off Dog Island in the Gulf of Mexico, Franklin County",1,39.606237,-75.035753
"South side of Ponce de Leon Inlet, Volusia County",1,29.16859,-81.5209
"Pensacola  Beach, Escambia County",1,30.3342348,-87.1350979
"Two miles off Key Colony Beach, Monroe County",1,24.72279,-81.021405
"Grand Strand, Myrtle Beach, Horry County",1,33.6672905,-78.9389542
"Fort Fisher, New Hanover County",1,33.9535852,-77.93004012415346
"World Typhoon Lagoon, Disney Water Park, Orange County",1,28.36584,-81.52961
"Fort Pierce Inlet, St. Lucie County",1,27.4727144,-80.2847782
"South Beach Park, Indian River County",1,27.63248875,-80.35215828285288
"Jupiter Beach, Palm Beach County",1,26.9342246,-80.0942087
"Sebastian Inlet, Indian River County",1,26.3428491,-97.790273
"The Rocks, Hutchinson Island, Martin County",1,-33.4288889,149.4261111
"Salmon Creek Beach, Sonoma County",1,38.31631,-123.06356
"Sunset Beach, O'ahu",1,49.2781677,-123.13496914995116
In Gulf of Mexico 17 miles off Weeki Wachee ,1,28.516712,-82.577222
"Daytona Beach Shores,  Volusia County",1,29.1760933,-80.9828323
 Palm Beach County,1,26.6279798,-80.4494174
"Sunset Beach, Oahu",1,54.7437635,-113.5366476
"East Beach, Galveston",1,29.3173116,-94.7534055
"Clam Beach, near Eureka, Humboldt County",1,45.4985271,-62.6816736
Volusia County  ,1,29.0533409,-81.1310761
"Waiokapua Bay/Majors Bay, Brennecke Beach, Poipu, Kaua'i Island",1,64.779262,-18.673522
"Wreck of the Navy Barge, 22 miles SE of Rudee ",1,-32.4671892,142.3858974
Gleneden Beach,1,44.8789911,-124.0346728
"Walden Rocks, St. Lucie County",1,41.61987,-72.82241
"Pecks Lake, Martin County",1,41.014704,-98.338912
Virginia Beach,1,36.8496579,-75.9760751
"North of Pidgeon Point, San Mateo County",1,37.589591,-122.323643
Old Kona Airport State Park,1,44.6479185,-83.29748739405976
"Lakewood Campground, Grand Strand, Horry County",1,33.879584,-78.98254
"South Beach, Sebastian, Indian River County",1,41.796681,-86.039561
"St. Augustine, St. Johns County",1,29.8946952,-81.3145395
"South Jacksonville Beach, Duval County",1,30.2855411,-81.3905193
"Bouges Bank, Emerald Isle, Carteret County",1,34.66623,-77.03176
Prince William Sound,1,60.615,-147.1680556
"Boca Ciega Bay, Tampa, Pinellas County",1,27.935231,-82.495716
"Sebastian Inlet, Indian River or Brevard County",1,27.869573449999997,-80.45631460033707
"Lake Worth Inlet/West Palm Beach, Palm Beach County",1,26.7703842,-80.0435956
Olowalu,1,20.811858,-156.6221108
"Pet Den, Satellite Beach, Brevard County",1,28.177733,-80.596
"Fort Pierce Inlet State Park, St Lucie County",1,27.47869875,-80.3030766163625
"Vaughn Beach, Flagler County",1,29.470682,-81.288392
"Bonita Springs, Lee County",1,26.339806,-81.7786972
Bay of Fundy,1,44.8512466,-66.19778170407118
"Sunset Cliffs, San Diego",1,32.7305,-117.2532
"Coral Cove Park, Jupiter Island, Martin County",1,27.03172,-80.1006
"Big Pine Key, Monroe County ",1,24.6698652,-81.353969
"Oceanic Pier, Wrightsville Beach, New Hanover County",1,34.208287,-77.794815
"Daytona  Beach, Volusia County",1,29.2108147,-81.0228331
"Neptune Avenue, Ormond Beach, Volusia County",1,29.3000808,-81.0472097
"Gulfstream Park beach, Palm Beach County",1,26.5047942,-80.0514305
"Waddell Reef, Santa Cruz County",1,-17.33367,-61.958507
"Big Island off Kona Village Resort, North Kona",1,13.07604,-7.71113
Midnight Lump (38 miles offshore),1,37.166043,-118.647643
Santa Rosa Sound Escambia County,1,30.618832,-87.347976
"Municipal Beach, Riviera Beach, Palm Beach County",1,26.785561,-80.031845
"On the south side of Ponce Inlet, Volusia County",1,29.100094,-80.9315
"27th Avenue, New Smyrna Beach, Volusia County",1,29.0094139,-80.8784575
"Seminole Avenue, Ormond Beach, Volusia County",1,29.2848028,-81.0399881
"Smyrna Dunes Park, New Smyrna Beach, Volusia County",1,29.0682964,-80.91369838288082
"Smyrna Dunes  Park, New Smyrna Beach, Volusia County",1,29.0682964,-80.91369838288082
"Pine Island, Corolla, Currituck County",1,36.3847464,-75.8286983
"Coral Cove Park, Palm Beach County",1,26.96058285,-80.07812451891394
"Behune Beach, Volusia County",1,29.16859,-81.5209
"Bird Rock, Tomales Point",1,38.24098,-122.99516
"Huguenot Memorial Park, Duval County",1,30.41222845,-81.40651458667132
"Paradise Bay (next to Wailua Bay), Maui",1,41.451025,-87.947368
"Hamstead, Pender County",1,52.5318001,-1.9248531
"Goats Island (Moku’auia Island), Malaekahana State Recreation Area, Laie, O'ahu",1,51.654631,-9.540449
"Abalone Point, Westport Union Landing, Mendocino County",1,39.69932,-123.80169
Pamlico Sound,1,35.350262799999996,-75.82715617523473
Between Santa Cruz Island and Santa Barbara,1,13.511656850000001,122.07548467829596
"Little Talbot Island, Jacksonville, Duval County",1,30.4704005,-81.4177727
"Mouth of Wallua River, Kaua'i",1,37.11706,-81.71178
"Bayshore Garden, Sarasota Bay, Sarasota County",1,27.332353,-82.578781
"Goat Rock, Bodega Bay, Sonoma County?",1,34.112065,-77.907262
"Treasure Shores Beach, Indian River County",1,45.429494,-84.623563
"""Bunkers"" Eureka, Humboldt County",1,40.793115,-124.177181
"Horners, Wailua, Kaua'i",1,-3.7911402,126.8412357
"North Beach Jetty, St Lucie County",1,41.4596073,-70.58753005298558
Waipo,1,21.8136213,110.6137938
"Velzyland, north shore of O'ahu",1,21.67569,-158.0397
"Bastendorf Beach, Coos County",1,43.3472071,-124.34409411437815
"Honomuni, Moloka'i",1,21.09907,-156.79416
"Chun's Reef, Laniakea, O'ahu",1,30.292368,-87.46994
"Winchester Bay, Douglas County",1,43.6770608,-124.1748369
Wreck of the U-352 ,1,-34.8571223,135.723485
"Manasota Beach, Sarasota County",1,27.0106145,-82.4125962
"Wai'anae, O'ahu",1,21.453482,-158.181574
"Manalapan, Palm Beach County",1,26.5692364,-80.0447635
"Twin Arches, Hana Ranch, Maui",1,20.757094,-155.988719
St Lucie County,1,27.381947,-80.445518
"Gold Beach, Curry County",1,42.4074459,-124.4217418
"Castle Rock, San Miguel Island, Santa Barbara County",1,34.734724,-120.001344
"Kea'au Beach Park, O'ahu",1,21.4856254,-158.2296982
"North Jetty Park, Fort Pierce, St Lucie County",1,27.470051,-80.291405
"San Nicholas Island, Santa Barbara County",1,46.363332,-82.621547
"Ano Nuevo, San Mateo County",1,31.2416057,-107.7440215
Kailua Bay,1,2.631579,43.681258
"Miami Beach, Dade County",1,25.7929198,-80.1353006
"Sunset Cliffs, San Diego, San Diego County",1,32.7305,-117.2532
Cape Lookout Bight,1,45.339252,-123.967176
"Shelter Cove, Humboldt County",1,40.0304212,-124.0730866
"Matanzas Bay Inlet, St. Johns County",1,43.000702,-84.557612
"North Beach, Hutchinson Island, St. Lucie County",1,-29.846709099999998,31.03530304244685
"Crescent Beach, St. Augustine, St. Johns County",1,29.897545,-81.315899
"Ha'ena, Kaua'i",1,19.644397,-154.985667
Southwest of O'ahu,1,44.26221,-68.31915
"Ka’eleki’I Point, Maui",1,-6.254047,106.952286
St. Louis,1,52.9211149,-105.8091459
"La'ie Point, O'ahu",1,49.106646,1.742643
"Shark Shallows, Ponce Inlet, Volusia County",1,29.100094,-80.9315
"Public Beach, Siesta Key, Sarasota County",1,27.2760559,-82.5690975
"Nakalele Point, Maui",1,21.0306924,-156.588318
"Truro (Cape Cod), Barnstable County",1,45.366668,-63.300006
"Wiggins Pass, Collier County",1,26.2889998,-81.830606
"North Beach Inlet, St. Lucie County",1,41.714073,-86.692238
"Ocean Lakes Campground, south of Myrtle Beach, Horry County",1,33.704996,-78.871501
"Spessard Holland Park, Melbourne Beach, Brevard County",1,28.0474995,-80.54754743557038
"Carmel, Monterey County",1,39.9784186,-86.1283681
"3 miles east of Jacksonville Beach, Duval County",1,30.280117,-81.374525
" Daytona Beach, Volusia County",1,29.2108147,-81.0228331
Makaha Surf Beach,1,21.476964950000003,-158.22090823320093
"Short Sand Beach, Oswald West State Park",1,45.771548949999996,-123.95804884303212
"North Forest Beach, near Hilton Head, Beaufort County",1,32.38363,-99.748275
"Bill Baggs Cape Florida State Recreation Area, Miami-Dade County",1,47.5251976,-52.6206739
"Off the Hanalei River, Kaua'i",1,49.982414,-125.27928
"Kinikini, Mana, Kaua'i",1,5.6687411,-53.7786489
Carolina Beach,1,34.0351727,-77.8935966
"Opposite Grand Wailea Resort, Wailea, Maui",1,20.68445,-156.44074
"LaJolla Shores, San Diego County",1,45.055715,-92.827457
"Bluefish Cove, Pt. Lobos State Park, Monterey County",1,41.156005,-86.48207
"Off 29th Avenue, Myrtle Beach, Horry County",1,33.673182,-78.923671
"Cat Island, Harrison County",1,30.227082600000003,-89.11114194142758
Port Aransas,1,27.8332175,-97.0618324
"Sandy Beach, Oahu",1,53.8091288,-114.0424855
"Ewa Beach, O'ahu",1,21.315603,-158.008804
"Waveland Beach, Hutchinson Island, St Lucie County",1,27.26782,-80.20671
"Scripps, LaJolla, San Diego County",1,32.91503,-117.078874
"Port Bolivar, Galveston County",1,29.3799791,-94.7645679
"Quarter mile south of Ponce de Leon Inlet, Volusia County",1,39.423808,-75.247646
"Off Zelda Boulevard, Daytona Beach, Volusia Countyy",1,29.248819,-81.018283
"Carolina Beach off Texas Avenue, New Hanover County",1,34.208419,-77.850932
"34th Avenue North, Myrtle Beach, Horry County",1,33.7126537,-78.8598368
"6th Avenue North, Myrtle Beach, Horry County",1,33.6908137,-78.8857352
"Tigertail Beach, Collier County",1,25.94834315,-81.74287971279435
"Big Bayou, St. Petersburg, Pinellas County ",1,27.7403213,-82.6343022
"Salmon Beach, Sonoma County",1,48.9601163,-125.4340545
"Klamath River mouth, Del Norte County",1,37.930664,-122.31133
"Ocean Beach, San Francisco, San Francisco County",1,32.7448067,-117.2476067
"Tillamook Head, Clatsop County",1,45.9465254,-123.9933921
"Marco Island, Collier County",1,25.9372513,-81.71573
"Port of the Islands, Collier County",1,25.970684,-81.506289
"Destin, Walton County",1,30.3935337,-86.4957834
"Howard E. Futch Memorial Park at Paradise Beach, Brevard County",1,43.692676,-100.038487
"Surf City, Long Beach Island, Ocean County",1,39.6587349,-74.168292
"Sand Key Beach, Clearwater, Pinellas County",1,27.9535055,-82.82830261059738
"204s, San Clemente, Orange County",1,27.939932,-82.837161
"New Smyrna Beach / Cape Canaveral  National Seashore, Brevard County",1,29.021853,-80.963246
"North of Apache Pier, Myrtle Beach, Horry County",1,33.673182,-78.923671
Gold  Beach,1,42.4074459,-124.4217418
"Lifeguard Tower 16, Huntington Beach, Orange County",1,33.672386,-117.995435
"Limantour Beach, Point Reyes National Seashore",1,38.052619,-122.812964
"Rocky Point, north shore of O'ahu",1,35.91874,-79.087056
"Long Key, Monroe County",1,24.819859,-80.821734
"Albuquerue Aquarium, Albuquerue",1,42.3595655,-71.0519869
"Isla Blanca Park, South Padre Island, Cameron County",1,26.07139455,-97.15873837249893
"Central Gulf Coast, St. John County",1,17.131838,-61.848587
"Crescent Beach, Sarasota County",1,44.2380664,-64.4142153
Off Sullivans Island,1,32.766783,-79.836286
"North Kihei, Maui",1,20.751045,-156.438371
"Alligator Reef off Islamorada, Monroe County",1,24.93041,-80.61645
Gun Beach,1,13.5251637,144.8039164
"North Shore, O'ahu",1,-38.0983238,144.3654109
100 miles off Ft. Myers Beach,1,26.4520248,-81.948145
"Normandy Beach, Hutchinson Island,  St. Lucie County",1,40.0026176,-74.0604141
Naples,1,40.8358846,14.2487679
"Virginia Aquarium & Marine Science Center, Virginia Beach ",1,43.7336676,-71.5900813
Garden City,1,37.9716898,-100.8726618
"Silva's Channel, Mokuleia, O'ahu",1,47.47385,22.52262
"Will Rogers State Beach, Los Angeles County",1,34.03200925,-118.5290619914841
Marques Island,1,64.779262,-18.673522
"Atlantic Beach, Carteret County",1,40.5886547,-73.7288791
"Faria Beach, Ventura County",1,34.3190377,-119.3847029
"North Topsail Beach, Onslow  County",1,34.4901665,-77.43163
"Bellows Beach near Wailea Point, O’ahu",1,61.156138,-149.661711
"Bean Hollow State Beach, San Mateo County",1,37.2442516,-122.41842397139548
"Islamorada, Monroe County",1,24.9236561,-80.6291479
"Ponce Inlet,  New Smyrna Beach, Volusia County",1,29.064569849999998,-80.91515395883673
Sarasota Bay,1,27.3506005,-82.5720423
"Waveland Beach, Hutchinson Island, St. Lucie County",1,27.26782,-80.20671
"Smith Point, Long Island",1,29.5368963,-94.7604746
French Frigate Shoals,1,23.8066952,-166.2608577
"Majors Bay, Kaua'i",1,22.055032,-159.523859
O'ahu,1,21.43333,-157.96667
"Monterey, Monterey County",1,36.600256,-121.8946388
Fort Myers,1,26.640628,-81.8723084
"Debordieu Beach, Georgetown County",1,33.3541739,-79.1529139482721
"Singleton Beach, Hilton Head Island, Beaufort County",1,32.188496349999994,-80.69951085954074
"Broad Beach, Malibu, Los Angeles County",1,34.035683,-118.856264
Oswald State Park,1,44.9198211,-89.6958637364981
"Newport Aquarium, Newport",1,39.09437025,-84.49771605201767
"Florence, Lane County",1,43.7697955,11.2556404
"Singer Island, Riviera Beach",1,26.7850625,-80.0375408
Onslow Beach,1,34.556018949999995,-77.29448233920672
"Off Key Largo, Monroe County",1,25.127374,-80.41022
"Isla Blanca Park, South Padre Island",1,26.07139455,-97.15873837249893
Sebastian Inlet,1,27.8557604,-80.4535013
"Siletz River mouth, Lincoln County",1,46.830288,-100.886016
"Kibesillah, Mendocino County",1,39.5901611,-123.7777947
"Cocoa  Beach, Brevard County",1,28.3184107,-80.6094959
"Off 21st Avenue, Isle of Palms, Charleston County",1,32.79188,-79.784874
"a pier at the end of Caxambas Drive, Marco Island ",1,25.912353,-81.692947
"Kapalua, Maui",1,21.0008534,-156.663155
"Deerfield Beach (near Boca Raton), Broward County",1,26.3586885,-80.0830984
"Brenecke Beach, Po'ipu, Kaua'i",1,22.009966,-159.338534
"Lauderdale-By-The-Sea, Broward County",1,26.192028,-80.0964326
"St. Augustine Beach, St. Johns County",1,29.8508613,-81.2716634
"Ten Thousand Islands National Wildlife Refuge, Collier County",1,25.8975832,-81.55702826684407
"Atlantic Avenue, Palm Beach County",1,26.7234824,-80.0383482
"St. George Island (near Apachicola), Franklin County",1,29.64442,-84.91479
"Bryan Beach, Brazoria County",1,28.8833061,-95.3785523
"Anini Beach, Kaua'i",1,22.2247707,-159.44875198507845
"100 miles off Ocean City, Maryland, in 7000' of water",1,12.890704,77.66731
"Topsail Beach, Pender County",1,34.3651685,-77.6305293
"Ponce De Leon Inlet, Volusia County",1,29.0635502,-80.9153373
"Gulf of Mexico, 65 miles offshore from Mobile",1,24.7328456,-81.030385
"Kewalo Basin Channel, O'ahu",1,21.29279,-157.85695
"Hideaways Beach, Princeville, Kaua'i",1,22.22334445,-159.49541413870637
"2 miles off Pompano Beach, Broward County",1,26.243162,-80.130316
A quarter mile north of Fort Pierce Inlet,1,44.887415,-62.346595
"Everglades National Park, Monroe County",1,46.754279,-122.103549
"Key Biscayne, Dade County",1,25.6968351,-80.1635261
Catalina Island,1,18.35887245,-69.00810055844727
Padre Island National Seashore,1,27.04553605,-97.39789075348415
"Isle of Palms, Charleston County ",1,32.7867697,-79.7880359
Gulf Islands National Seashore,1,30.2369736,-88.68042953504445
"Santa Rosa Island, Escambia County",1,30.360794249999998,-86.98984825837985
Chatham Island,1,-43.912704950000006,-176.47502902781758
"Marathon , Monroe County",1,48.7209349,-86.371598
"Taverniier, Monroe County",1,47.85131,-121.98551
"Near 70th Avenue, Myrtle Beach, Horry County",1,33.673182,-78.923671
"Wilbur-by-the-Sea, Volusia County",1,29.1313721,-80.9575542
"Daytona, Volusia County ",1,17.9530185,-76.9182383
"Coquina Beach, Anna Maria Island, Manatee County",1,27.45021225,-82.69278352098655
"Sandbridge Beach, Princess Anne County",1,36.745984,-75.9440944
"Mayport Naval Station, Jacksonville, Duval Country",1,30.38872,-81.40153
"Waites Island, Horry County",1,33.8487836,-78.5747337
Cape Kiwanda,1,45.2167126,-123.9803347
"Key Largo, Monroe County",1,29.0311056,-95.1913176
"Opposite main gate at Patrick Air Force Base, Cape Canaveral, Brevard County",1,28.3881442,-80.6056464
"Cove Beach / Kalama Beach, Kihei, Maui",1,20.7476261,-156.4549898
"Stuart Park Beach, Martin County",1,37.568981949999994,-122.26429281637392
Palm Beach?,1,26.6279798,-80.4494174
Near Patrick Air Force Base Brevard County,1,28.23809,-80.6079
Honolua Bay,1,21.0158672,-156.6414705
"Tunnels surf break off Makua Beach, Kaua'i",1,21.2725844,-157.8264334
"Miami, Dade County",1,25.7741728,-80.19362
"Kalihiwai Beach, Kauai",1,22.216627199999998,-159.4267245758242
Punaluu,1,21.5852655,-157.88898114549002
"Stuart Rocks, Martin County",1,36.352942,-88.840602
Velzyland,1,21.67569,-158.0397
Channel between South Padre Island & Padre Island National Seashore,1,26.132116,-97.170333
St. Augustine  St. Johns County,1,29.8946952,-81.3145395
"Pirate's Beach, Galveston Island",1,29.22218,-94.90881
"Disney / Vero Beach, Indian River County",1,27.642936,-80.413043
"Gulf Shores Beach, Baldwin County",1,30.24555575,-87.70043742902558
"Crawford Road beach approach at New Smyrna Beach, Volusia County",1,29.047109,-80.926829
"North Hutchinson Island, St. Lucie Couny",1,32.098991,-81.099832
"Kama'ole Beach Park I, Kihei, Maui",1,20.721386,-156.447612
"Bathtub Reef Beach, Martin County",1,44.399649,-103.895634
Ka'anapali,1,20.9150196,-156.6952588
"North Beach, Patrick AFB, Brevard County",1,33.790441799999996,-78.73613767885989
"New Smyrna Beach, Volusia County  ",1,29.0258132,-80.9271271
"Sunglow Pier, Daytona Beach Shores, Volusia County",1,29.586709,-81.603276
"Shepard Park, Cocoa Beach, Brevard County ",1,28.3581532,-80.6070489
"Melbourne Beach, Brevard County ",1,28.0684067,-80.5607951
"Coral Cove Park, Jupiter Inlet, Palm Beach County",1,26.97429,-80.087911
"Makua Beach, Oahu",1,46.913303,-104.010083
St Augustine Beach. St. Johns County,1,29.8508613,-81.2716634
"Canova Beach, Brevard County",1,28.1341798,-80.5786607
"Near New Smyrna Jetty, Volusia County",1,29.16859,-81.5209
"Avila Beach, San Luis Obispo County",1,35.1799752,-120.731841
1.5 miles off Surfside ,1,25.878625,-80.124731
Ocracoke Inlet,1,35.06391455,-76.02669166944023
